iteration,cp_tau_s,cp_b,cp_tau_0,cp_n,stress_error,geodesic_error,reduced_error
1,84.241,3.367,84.577,8.3527,0.4397348435890896,0.07217701903358612,0.4627095023027557
2,123.52,0.17898,227.51,9.5692,0.34229791359196576,0.084406908445706,0.36916546701244407
3,125.47,5.4004,25.635,1.5474,0.6353944827438729,0.11786613358296968,0.6729124383095915
4,143.41,3.1557,52.806,19.807,0.37551010353902997,0.07154174291075466,0.3982825475823423
5,277.05,0.37544,59.193,19.951,0.5735463270575887,0.07325326960938061,0.5968635669695411
6,1958.2,0.0043796,105.11,11.439,0.6537954166382571,0.09740098721454286,0.6847991137927071
7,396.06,0.32182,163.75,18.704,0.13593734463714144,0.07136310276370311,0.15865292575557793
8,606.08,0.45531,101.14,19.718,0.07239194277684237,0.07355833738773883,0.0958062887786024
9,589.13,0.43707,114.1,18.99,0.048599458332639296,0.07315654441562038,0.07188590965917485
