iteration,cp_tau_s,cp_b,cp_tau_0,cp_n,stress_error,geodesic_error,reduced_error
1,1653.2,0.00080398,183.47,5.6753,0.3846457610191126,0.07563158538390488,0.408720042354563
2,1518.2,0.026626,121.93,6.4507,0.4685710470897636,0.07327623505161301,0.49189559712901926
3,1477.1,0.31984,85.306,8.0914,0.26693480198789976,0.07393733821657869,0.29046978770035137
4,1968.5,0.068525,111.87,12.748,0.2736420870875831,0.07290267067715583,0.2968477278933229
5,1993.3,0.15114,133.96,11.206,0.15511237665948968,0.07333621813326555,0.1784560199066391
6,1997.6,0.11858,124.62,9.2755,0.022917202073181833,0.07346655626705825,0.046302333236864196
7,1998.0,0.12208,123.1,9.3842,0.01613228896663433,0.07351318106732901,0.03953226126518422
8,1936.0,0.12201,127.32,8.8924,0.019803307872920627,0.07342718952526256,0.043175908213502576
