iteration,cp_tau_s,cp_b,cp_tau_0,cp_n,stress_error,geodesic_error,reduced_error
1,72.722,0.00047002,2.8628,16.325,0.9991919561596707,0.08537515091508023,1.026367710730374
2,237.58,0.40923,113.67,19.521,0.3726205949627404,0.07166138131912782,0.3954311210942052
3,452.96,0.34163,126.6,19.996,0.20011393886491124,0.07225044098582448,0.22311196851183773
