iteration,cp_tau_s,cp_b,cp_tau_0,cp_n,stress_error,geodesic_error,reduced_error
1,2.8971,0.0051728,480.7,1.2673,0.4894424448170348,0.12736038742905445,0.5299825152439006
2,1142.3,0.00025257,432.58,11.508,0.8460600376486629,0.09931496985300171,0.8776729743989184
3,1.5585,0.11235,169.65,1.0032,0.6600591685821466,0.13661956859284638,0.7035465279114141
4,10.102,17.794,70.862,3.4527,0.7419306619763969,0.08399284088887143,0.7686664135999868
5,83.421,9.3731,132.23,2.8087,0.3223563363726789,0.08957676428120537,0.35086950601574163
6,90.092,19.766,186.1,2.953,0.2650946553570588,0.08744765062225923,0.29293010707367
7,131.5,3.9163,149.81,5.3221,0.1596213484776975,0.07407609633135318,0.18320050226987003
8,163.65,6.2634,129.43,6.0639,0.19546605921581947,0.0728996017106618,0.2186707231391839
9,130.3,0.51103,166.44,3.9671,0.3107101162471497,0.07865903711902487,0.3357480653998331
