iteration,cp_tau_s,cp_b,cp_tau_0,cp_n,stress_error,geodesic_error,reduced_error
1,280.577924089023,8.738916933092693,415.5308662802835,16.01797681227079,1.2770808426130476,0.24379259935515035,1.354682437166236
2,1354.7453165082818,4.840695647566234,350.20805895329954,1.5818483213349337,2.2955110385079585,0.1289578696544758,2.336559603320179
3,713.7558009974858,9.483357840495596,445.12594229296155,5.6995199821688,2.689281403625479,0.17263463122626976,2.7442327134424938
4,2446.530941486152,2.0223664794239493,191.44026463390477,9.428631914770095,4.043116129946444,0.16374158735783095,4.0952366959818685
5,1511.104457141419,5.876781561796298,73.44452967539073,14.205906869795603,3.5472058182035595,0.1890429891461223,3.607380070562505
6,2624.614826218041,7.17931159881677,23.25203850192717,18.578435890501297,6.682920272518563,0.1776954265038406,6.73948248350438
7,3194.7282329789396,3.5035458554400476,299.3660779396325,12.64775805543962,7.198204998657312,0.15867875524886224,7.248714015180363
8,3952.449331858722,0.012032486205105775,160.87840862521577,6.197495010212205,0.4269632757923633,0.19136265078385079,0.48787589938319936
9,2971.6,0.034655,152.55,8.3278,0.3319615288839922,0.20838087938983052,0.3982912228854474
