iteration,cp_tau_s,cp_b,cp_tau_0,cp_n,stress_error,geodesic_error,reduced_error
1,94.639,0.59207,90.805,3.8802,0.596028662598137,0.0792861054445326,0.6212662137981422
2,1984.3,2.04e-05,0.25989,19.699,1.0329882202391933,0.08692737491498521,1.060658063054638
3,402.05,0.16805,52.957,4.2808,0.6942966847889872,0.07736795954106432,0.7189236711847755
4,569.89,0.14201,128.36,8.4325,0.3488307270475637,0.0723056090412979,0.3718463172319489
5,515.04,0.22612,47.21,19.387,0.5912901225676651,0.07407620596870236,0.6148693112584898
