iteration,cp_tau_s,cp_b,cp_tau_0,cp_n,stress_error,geodesic_error,reduced_error
1,0.01498,0.0014994,8.5528,12.206,0.9571705746280538,0.08391039374452969,0.9838800825105121
2,5.9772,0.91041,437.23,2.544,0.7320986818739345,0.09412498926805711,0.7620595964949002
3,10.386,0.041729,287.26,4.7935,0.3510340100535155,0.07574599389292191,0.3751447087484496
