iteration,cp_tau_s,cp_b,cp_tau_0,cp_n,stress_error,geodesic_error,reduced_error
1,52.117,0.76807,475.54,19.952,0.988486094727816,0.10453500111273259,1.0217606190342323
2,1976.2,0.010643,29.304,14.853,0.8659567303354397,0.07217008648730834,0.8889291823510892
3,1958.6,0.15377,401.04,11.693,1.2988824766767462,0.07118093261335554,1.3215400712353595
4,1997.3,0.095997,49.504,5.5126,0.4375076872467026,0.07486930210363857,0.46133932627797164
5,1812.5,0.021704,196.57,9.1695,0.2627032478784931,0.07472554149561597,0.2864891264869847
6,1807.8,0.034935,138.62,3.5512,0.3905568011234912,0.08140639740540681,0.4164692622162387
7,1908.2,0.12642,103.43,5.4548,0.12000908547667233,0.07478456515444458,0.14381375189928786
8,1985.7,0.15762,109.45,8.1021,0.0827275719082312,0.07388285092333216,0.10624521377657103
