iteration,cp_tau_s,cp_b,cp_tau_0,cp_n,stress_error,geodesic_error,reduced_error
1,1781.5,0.029134,398.5,10.464,0.8011595007120268,0.11422726006163252,0.8375191668613313
2,1629.0,0.0097042,213.73,1.3103,0.45621292363291643,0.14806305596862124,0.5033428581263125
3,1981.2,0.023004,79.848,3.452,0.6377442285850279,0.11347695631030562,0.6738650656326443
4,1876.7,0.16212,83.928,5.7817,0.09377987353908168,0.10177102499806243,0.12617459692302266
5,1235.3,0.20863,103.1,5.0554,0.09320901780446962,0.10370372025960146,0.12621893719713903
