time,timestep
1,1
2.5,2
4.75,3
8.125,4
13.1875,5
20.78125,6
32.171875,7
49.2578125,8
74.88671875,9
