iteration,cp_tau_s,cp_b,cp_tau_0,cp_n,stress_error,geodesic_error,reduced_error
1,906.41,0.013453,2.6023,17.086,1.0001344264447178,0.0747131756792612,1.023916368891613
2,773.15,0.09596,272.48,8.6326,0.36291668752763984,0.07215780985335979,0.3858852317693344
3,1841.2,0.0055011,170.44,2.2559,0.4542781266252367,0.09983611484745504,0.48605694897936197
4,163.09,1.209,314.81,1.0932,0.23512155514637612,0.13281961302471776,0.27739935105124913
5,411.51,0.1197,202.38,7.2882,0.2320003524447502,0.07272390513179079,0.2551490904100913
6,317.13,0.67955,111.46,1.9519,0.32781201231493795,0.10549529003438105,0.36139220607870776
7,679.36,0.40798,93.727,4.4132,0.1497185988803762,0.07637088160368526,0.174028205511401
