iteration,cp_tau_s,cp_b,cp_tau_0,cp_n,stress_error,geodesic_error,reduced_error
1,84.241,3.367,84.577,8.3527,0.4382364379802091,0.0722300822189895,0.4612279872303815
2,123.52,0.17898,227.51,9.5692,0.3422073482354682,0.08493354838934201,0.36924253635646515
3,125.47,5.4004,25.635,1.5474,0.6332168881515908,0.1179231160036442,0.6707529817851487
