iteration,cp_tau_s,cp_b,cp_tau_0,cp_n,stress_error,geodesic_error,reduced_error
1,1550.1274236645029,2.3050367741933986,477.68652076267244,12.170102423063945,3.7319177621921034,0,3.7319177621921034
2,2501.339859179481,8.212425646606277,349.7831147762125,19.539248244259227,7.458027333114964,0,7.458027333114964
3,2116.592402997063,5.8924941471497485,244.85624550664687,13.474058587729312,5.728618709114127,0,5.728618709114127
4,743.9598788388931,7.315208573911427,148.06682517179075,6.069231382093156,1.6883658380940334,0,1.6883658380940334
5,3974.1072314406097,0.6487169822517952,51.08655622056316,1.1053529257916934,1.031908543514068,0,1.031908543514068
6,1014.8662690873613,3.4831477260576635,266.5912590864055,4.657251564149437,2.1796988309403913,0,2.1796988309403913
7,140.23481051199883,9.389051491035321,412.7939145188558,10.053900217671437,0.8935003390824511,0,0.8935003390824511
8,3318.902507465267,3.816203163545295,104.73548735678213,15.279091312216638,7.191352416834639,0,7.191352416834639
