iteration,cp_tau_s,cp_b,cp_tau_0,cp_n,stress_error,geodesic_error,reduced_error
1,1224.389089724553,0.609961851752765,23.18857857227938,1.1557176172467925,0.1693438682976216,0.1505781729237003,0.2172743893827278
2,690.0145153998089,4.80401456634425,103.93979010528228,6.855382276342665,1.7003497699142036,0.17898939916099188,1.757323865189244
3,456.5005329351082,5.337363235493777,251.55691824653985,16.01469958123311,1.5457554448523176,0.24440907417083352,1.6235532694339212
4,129.11570825789923,8.777484739832456,405.83887325956084,14.103201724327496,1.1001453988548713,0.2239968919083317,1.1714458240237353
5,1464.4488299335087,17.129422260963576,232.38587177025082,5.336319476370422,5.453831819249397,0.1060232151827619,5.487580056807062
6,1881.4735112164915,12.925824296353163,317.28313628295854,9.89188122417874,7.162103792411937,0.2783564834576412,7.250707412979859
7,1574.1560195905038,19.19638863966147,444.89501476767725,12.291876805403318,6.508348107512809,0.17395217324382065,6.563718803979473
8,974.2327713692673,10.185645108746968,184.07494144637946,19.527901540506242,3.064987304265764,0.24982397248575428,3.144508744513687
