iteration,cp_tau_s,cp_b,cp_tau_0,cp_n,stress_error,geodesic_error,reduced_error
1,1099.5,0.021587,2.3642,1.3259,0.9892702448833315,0.12237080129901028,1.0282220807170388
2,195.44,0.20168,221.5,12.464,0.3151794946294343,0.08562100036916906,0.3424335055118868
