iteration,cp_tau_s,cp_b,cp_tau_0,cp_n,stress_error,geodesic_error,reduced_error
1,1063.1209860065157,2.303025094410813,39.10561858754961,17.326850954258017,1.3968989484363985,0.18173158555722685,1.4547459087511192
2,709.8231566022764,4.950075457973241,403.0407799169341,18.596753919529732,2.362004207132043,0.21371018928633737,2.430030273160093
3,3008.3243986320945,0.04891133961505631,265.0234648762724,11.725823067728957,0.2402074918629357,0.17031096505036916,0.29441915576397026
4,3856.132714467851,9.876659249233642,441.99546381574777,14.401113773477984,11.493715997786113,0.10881065048333044,11.528351503557046
5,2127.6698242192856,7.36173353198117,112.23605453326513,8.179394385876458,5.491977212598042,0.18961860740869652,5.552334689940633
6,399.4096449005349,5.593783385695824,240.75578640625716,2.7782377551521282,0.697572067318114,0.21130232733663873,0.7648316870830096
7,1772.1004248951715,3.284824478508855,157.4451408287061,4.167263227939086,3.303938040379112,0.23422758393059306,3.3784949959611636
8,2757.0612773776907,7.662014587324668,346.15778534186603,7.7670042584359456,7.803036606607238,0.1698715814788109,7.857108410373619
9,200.08,9.4532,53.229,1.6657,0.48349258275659257,0.16938426872722315,0.5374092700564795
