iteration,cp_tau_s,cp_b,cp_tau_0,cp_n,stress_error,geodesic_error,reduced_error
1,72.722,0.00047002,2.8628,16.325,1.0017364362540548,0.08264584984203197,1.0280434273108348
