iteration,cp_tau_s,cp_b,cp_tau_0,cp_n,stress_error,geodesic_error,reduced_error
1,596.83,7.4618,9.3893,1.414,0.6440182658846896,0.12179438032999113,0.6827866212253544
2,1998.5,2.4867,0.28918,14.161,4.178154748451995,0.072492340371257,4.201229777064766
3,603.33,19.944,0.00010743,1.0018,0.4834412240100828,0.1361154969353145,0.5267681323474129
4,504.02,4.5277,0.00069702,1.0175,0.1742115033790384,0.13509549133144405,0.21721373384869364
5,8.5403,2.4309e-05,0.0059626,1.0375,1.03856305383363,0.11212741206072219,1.0742543176047614
6,447.66,0.80189,57.588,5.4741,0.21192465059732854,0.07451771077265569,0.2356443746320492
