iteration,cp_tau_s,cp_b,cp_tau_0,cp_n,stress_error,geodesic_error,reduced_error
1,11.588,0.018246,484.07,1.3689,0.5508225299808305,0.12402834879203121,0.5903019795683855
