iteration,cp_tau_s,cp_b,cp_tau_0,cp_n,stress_error,geodesic_error,reduced_error
1,1781.5,0.029134,398.5,10.464,0.8013413410537039,0.11361209168634594,0.837505193027487
2,1629.0,0.0097042,213.73,1.3103,0.4576448340580996,0.14834511022818347,0.5048645492107545
