iteration,cp_tau_s,cp_b,cp_tau_0,cp_n,stress_error,geodesic_error,reduced_error
1,796.5805716911949,12.88344817798924,413.3148129707519,18.56664369071814,3.352484851929769,0.26665525613571034,3.4373638561606366
2,1605.2938170719815,16.871105125456054,467.58367737179543,6.25298217377057,6.961139691899731,0.1046664410472255,6.994456054836736
3,1069.7301251084293,4.773196001416682,121.51801761747993,11.371752150290337,3.053909301031018,0.2067751217488194,3.119727866500524
4,427.28748489520905,2.1943788269232716,284.1388148963854,14.191490013911961,1.2797070856435,0.15954678375186737,1.3304924042205468
5,1802.3143689190451,18.597077248502213,214.69441255140237,1.3090947232559715,4.305477356478479,0.148959898234415,4.3528927647314255
6,20.096601829757365,8.92258647374118,18.43820535724558,10.066340875843437,0.8817190948077674,0.10944824618567968,0.9165575535941466
7,678.9231656748348,10.445720030939036,319.44507732622935,16.144080453372872,2.607675299089587,0.24746504055341173,2.6864458679826106
8,1363.3205064478684,5.73050049408761,138.1433749638833,4.455411962121489,4.023913064246768,0.10801282647896181,4.058294614749676
9,8.4057,0.85071,121.6,1.3433,0.693444345916325,0.14810216297841222,0.7405867285575566
