iteration,cp_tau_s,cp_b,cp_tau_0,cp_n,stress_error,geodesic_error,reduced_error
1,716.0891378670651,19.478052334286545,398.32595292681157,1.92722663110197,2.607761470747945,0.13539831064426025,2.650860091598597
2,1660.9592782986704,5.092376138810538,175.9770206067113,8.155823139803699,4.926628040615086,0.22826295912819278,4.999286397155156
3,293.65875685852416,4.9525020484072515,100.22579889972116,13.093838780443221,0.40222904669120896,0.17982321981620297,0.4594685553241073
4,1810.4834923441383,10.499254440582908,459.7045604334631,15.843913733916029,6.910815783102361,0.26115988110542687,6.993945555132802
5,1388.5271645413382,17.490107887682043,198.3292325433419,12.612370241450733,4.793722843267125,0.23382824653539688,4.868152685808363
6,941.0684933048342,1.8022087680378878,250.39696286392916,5.950407892460766,1.9897255584742972,0.17358042003412633,2.0449779222190947
7,1158.7509299233338,9.89491485344439,371.8683119520764,3.4735324269239087,4.330294577014447,0.11539289165743451,4.367025275224344
8,134.31595526268083,14.099925032561629,2.544721375801598,18.17407069395433,0.6160187413266052,0.16726149264080323,0.6692597280120302
