iteration,cp_tau_s,cp_b,cp_tau_0,cp_n,stress_error,geodesic_error,reduced_error
1,1885.1,0.00167,373.28,19.823,0.7030069179479325,0.1075955303769954,0.7372556389761185
2,1944.9,0.012327,113.36,18.465,0.5777693368570084,0.09347416294492447,0.6075230870251324
3,1996.0,0.16324,118.12,18.542,0.16590216547018058,0.07380391557362964,0.18939468143634072
4,1996.7,0.085206,132.54,17.002,0.10638844281675824,0.07286042286181571,0.12958063572520567
5,1989.6,0.097039,107.7,13.682,0.15770398751210876,0.07347075127424121,0.18109045398805007
