iteration,cp_tau_s,cp_b,cp_tau_0,cp_n,stress_error,geodesic_error,reduced_error
1,84.241,3.367,84.577,8.3527,0.4399871537645583,0.07216612820160598,0.46295834581873635
2,123.52,0.17898,227.51,9.5692,0.3376153415552923,0.08416682204273482,0.3644064731001666
3,125.47,5.4004,25.635,1.5474,0.63397237244305,0.11783541256831913,0.6714805492060917
4,143.41,3.1557,52.806,19.807,0.373265456445752,0.07152078377059912,0.3960312289875469
5,277.05,0.37544,59.193,19.951,0.571327180119235,0.07324975363868115,0.5946433008629544
6,1958.2,0.0043796,105.11,11.439,0.6554970780674392,0.09583770610198332,0.6860031673888771
7,396.06,0.32182,163.75,18.704,0.13429153308427158,0.07135364109463106,0.15700410245990265
8,606.08,0.45531,101.14,19.718,0.06876348518407335,0.07345373732307665,0.09214453595115595
