iteration,cp_tau_s,cp_b,cp_tau_0,cp_n,stress_error,geodesic_error,reduced_error
1,34.647,0.025045,33.595,19.674,0.9337477323230263,0.11678076375633487,0.9709202039427615
2,294.02,3.6564e-06,383.69,19.943,0.7613787617728721,0.10866896585452626,0.7959691679257366
3,272.16,0.10458,1.817,1.2285,0.9795158957109583,0.125846695647732,1.019574143079194
4,1137.6,7.1188e-05,385.61,1.0052,0.3297123959749081,0.13598463470891936,0.37299764957184856
5,1997.8,2.118e-08,271.87,3.6865,0.3072473118811478,0.080181036213213,0.33276972839227403
6,1944.7,9.7864e-07,52.707,4.0494,0.7783447525495205,0.07818688455093911,0.8032324108719952
