iteration,cp_tau_s,cp_b,cp_tau_0,cp_n,stress_error,geodesic_error,reduced_error
1,147.02,1.9881,230.91,18.842,0.3656538544116329,0.07251851997084446,0.38873721624976937
2,436.85,0.28826,210.74,11.271,0.19775383382173572,0.0715471611737729,0.22052800255173272
3,1269.3,0.031724,12.856,19.804,0.8923238407177781,0.07464605563288788,0.9160844181903516
4,1740.1,0.06619,228.42,13.102,0.255420743588264,0.07151841485449019,0.2781857620806419
