iteration,cp_lh_0,cp_lh_1,cp_tau_0,cp_n,stress_error,geodesic_error,reduced_error
1,229.21730579616596,383.8142935238223,486.2202527467418,13.700975807958928,2.9201507082971045,0.15458370171158708,2.9693562287947888
2,106.7969906791039,125.31866602286823,352.76051530083066,11.708510321299483,1.7376365393197981,0.1662156429204155,1.7905446216997611
3,520.298823079849,273.80608826248,218.5508083442554,1.04947197113975,0.21695500894938283,0.1255402010542219,0.2569156960584424
4,360.44927120514905,12.58716751737883,104.36659254752759,4.450059547512579,0.17101444043477393,0.09348998349716728,0.20077322644108173
5,993.3238284625421,535.4397937699727,259.9492108898196,10.09756656308194,2.2799531038581646,0.09216617261738358,2.3092905077739996
6,773.6552611867854,823.1298233618219,125.97672599743301,19.698702770525557,1.1812993428776943,0.2030191439584748,1.245922343484247
7,435.2006003035072,697.7263139635604,394.2418152454258,17.3158464337451,2.6198347027183773,0.1610691311729686,2.671104599529767
8,648.3950642230607,907.8620662619651,54.14191498517738,5.9765043108241835,0.45151770330057395,0.09392322307757744,0.4814143937484124
9,574.58,10.867,98.053,2.6252,0.27800068854719934,0.10165381427705736,0.31035810259987767
