iteration,cp_tau_s,cp_b,cp_tau_0,cp_n,stress_error,geodesic_error,reduced_error
1,1885.1,0.00167,373.28,19.823,0.7147908591337048,0.10736429175443038,0.7489659746222608
2,1944.9,0.012327,113.36,18.465,0.5755243755867633,0.09337064647453805,0.6052451754389805
3,1996.0,0.16324,118.12,18.542,0.18532444928840172,0.0739853970377917,0.20887473259876377
4,1996.7,0.085206,132.54,17.002,0.09285907375302974,0.07297333795237951,0.11608720865110295
