iteration,cp_tau_s,cp_b,cp_tau_0,cp_n,stress_error,geodesic_error,reduced_error
1,1885.1,0.00167,373.28,19.823,0.7131429650752572,0.10761478672348472,0.7473978155889025
2,1944.9,0.012327,113.36,18.465,0.5766189595279643,0.0933974615329835,0.6063482948783833
3,1996.0,0.16324,118.12,18.542,0.1671168697550792,0.07375698929982434,0.19059444862436534
4,1996.7,0.085206,132.54,17.002,0.10373717899242985,0.07283957621742759,0.12692273620787478
5,1989.6,0.097039,107.7,13.682,0.15784890080000288,0.07343137266930641,0.18122283267668932
6,1155.4,0.19733,113.14,19.829,0.07198853388170172,0.07344755796216247,0.09536761769711502
