iteration,cp_tau_s,cp_b,cp_tau_0,cp_n,stress_error,geodesic_error,reduced_error
1,1830.0,0.056335,114.48,1.5806,0.49102585292055345,0.11665284256723792,0.5281576059611466
2,1803.0,0.21592,75.824,4.267,0.1184878515006807,0.07686707568915242,0.14295540161457562
3,1620.9,0.1269,158.15,4.0142,0.06570551833510233,0.07812448956489022,0.09057331571666927
4,1397.6,0.15982,132.7,4.0248,0.058433594335236295,0.07795875278467056,0.08324863606115505
5,1372.7,0.1978,126.55,4.0137,0.01441939257154089,0.07800053204019788,0.0392477330475314
6,1291.8,0.19598,123.76,4.3783,0.035272715510776834,0.0767111126538019,0.059690621048640466
7,1312.7,0.19464,128.87,4.8297,0.014757467832288115,0.07555748161164237,0.038808161204423854
8,1327.5,0.19769,125.05,4.9603,0.011296517205317064,0.07533706780477623,0.035277050683675905
9,1352.9,0.19333,125.78,4.7283,0.011715985383386446,0.07587413304357157,0.03586747203677951
