iteration,cp_tau_s,cp_b,cp_tau_0,cp_n,stress_error,geodesic_error,reduced_error
1,596.83,7.4618,9.3893,1.414,0.6131487416849218,0.1217343657176078,0.6518979937811495
2,1998.5,2.4867,0.28918,14.161,4.077931336679068,0.0722329212414676,4.100923789618163
3,603.33,19.944,0.00010743,1.0018,0.46377432162099075,0.13615943605909822,0.5071152162158115
4,504.02,4.5277,0.00069702,1.0175,0.17711839613185773,0.13507788660876058,0.22011502284423928
