iteration,cp_tau_s,cp_b,cp_tau_0,cp_n,stress_error,geodesic_error,reduced_error
1,596.83,7.4618,9.3893,1.414,0.6628832697977042,0.1219012748965251,0.701685650735676
2,1998.5,2.4867,0.28918,14.161,4.260758158196848,0.07267326750941507,4.2838907777063735
3,603.33,19.944,0.00010743,1.0018,0.4664024802608796,0.1361082960721068,0.5097270964922616
4,504.02,4.5277,0.00069702,1.0175,0.1752896403123161,0.13509149902584996,0.21829059999163206
5,8.5403,2.4309e-05,0.0059626,1.0375,1.0392009640006075,0.1159850480597274,1.0761201514475207
6,447.66,0.80189,57.588,5.4741,0.19523942860813792,0.07469486701733383,0.21901554322693884
7,646.19,0.73131,155.89,3.6568,0.3948602070644292,0.07995186438276716,0.4203096759162897
8,498.02,1.4785,51.928,7.3709,0.2719588545413799,0.07353423258238934,0.2953655277452927
9,1213.0,0.57158,0.00021989,1.7508,0.23811708066930892,0.10993362005827505,0.2731100387578305
