iteration,cp_tau_s,cp_b,cp_tau_0,cp_n,stress_error,geodesic_error,reduced_error
1,359.5147360288375,1.058814296833464,70.16997106531082,7.423203569812609,0.3279334679942984,0.0923898162261125,0.3573420598817736
2,3990.3328041084396,9.119536515861487,281.5448351184687,1.5564072248386958,6.963875437102733,0.11703690789821068,7.001129441935116
3,2750.1216024046003,8.009045880301246,348.50587350623186,18.80847918084364,8.07097548905793,0.21324469146824454,8.138853382528485
4,3326.600747963861,3.3244686815322106,395.8734176374949,8.141746065441065,7.376102704129627,0.0957846013301413,7.406591889677184
5,2016.230415578995,7.180829889425977,186.65113865686936,5.200900832806842,5.148514609482697,0.09648834976040933,5.179227805112994
6,1245.5883953868533,5.769580343378109,228.58723001768266,16.487720549165974,3.3751292579547942,0.20133501096119005,3.439216182378663
7,1715.2179470676085,2.0601088643437544,48.5449552872967,10.802112369761323,2.4322078267798535,0.09344650912761546,2.4619527744645375
8,710.435488028019,4.294465758798619,449.3125136824213,15.154550596730367,2.4806976922190787,0.1694413532531915,2.5346325500879296
