iteration,cp_tau_s,cp_b,cp_tau_0,cp_n,stress_error,geodesic_error,reduced_error
1,906.41,0.013453,2.6023,17.086,1.0006840794477236,0.07477676031481595,1.0244862615127253
2,773.15,0.09596,272.48,8.6326,0.3588794585765297,0.07218075721427891,0.38185530719006666
3,1841.2,0.0055011,170.44,2.2559,0.452626545509815,0.10003590406292566,0.48446896274637746
4,163.09,1.209,314.81,1.0932,0.2313779964748985,0.13322375207914466,0.2737844338361886
5,411.51,0.1197,202.38,7.2882,0.2298918843451138,0.07281737171777933,0.2530703736488029
6,317.13,0.67955,111.46,1.9519,0.31906868619926204,0.10572453981450158,0.3527218524344497
