iteration,cp_tau_s,cp_b,cp_tau_0,cp_n,stress_error,geodesic_error,reduced_error
1,41.361,8.8104,141.2,1.0006,0.6310928345799778,0.13612854544724604,0.6744238963876557
2,787.52,3.2376,63.843,11.632,1.6385163805684073,0.07142858420466244,1.6612528050768627
3,19.85,1.098,254.52,19.093,0.559026821275026,0.10645671286129281,0.5929130454294046
4,1876.2,0.0076039,218.63,19.948,0.4830654400367453,0.10303415286851902,0.5158622295093669
5,1980.9,0.13318,24.406,19.949,0.3808392061902045,0.07476246298253236,0.40463683727299427
6,1998.0,0.091398,60.379,19.987,0.3721825996801498,0.07435568776582827,0.39585075019000804
7,1992.5,0.21185,98.03,19.013,0.2979348090428073,0.07401628482528984,0.32149492424129233
8,1996.8,0.092519,104.04,19.714,0.17394961593157984,0.07361496713566333,0.19738198774195634
