iteration,cp_tau_s,cp_b,cp_tau_0,cp_n,stress_error,geodesic_error,reduced_error
1,596.83,7.4618,9.3893,1.414,0.6252344917869253,0.12184624406782489,0.6640193558680769
2,1998.5,2.4867,0.28918,14.161,4.186218960308748,0.07258649662036636,4.209323959786457
3,603.33,19.944,0.00010743,1.0018,0.486692568163771,0.13608295560268804,0.5300091182732165
4,504.02,4.5277,0.00069702,1.0175,0.16962658594224045,0.13505034934922372,0.21261444727267304
5,8.5403,2.4309e-05,0.0059626,1.0375,1.0376384140857051,0.09414173808436935,1.067604660020485
