iteration,cp_tau_s,cp_b,cp_tau_0,cp_n,stress_error,geodesic_error,reduced_error
1,147.02,1.9881,230.91,18.842,0.368430368153308,0.0724784725192807,0.39150098249169524
2,436.85,0.28826,210.74,11.271,0.19859317272563892,0.07150916107119068,0.221355245647308
