iteration,cp_tau_s,cp_b,cp_tau_0,cp_n,stress_error,geodesic_error,reduced_error
1,35.485,19.227,497.79,1.139,0.5205060107184625,0.13160276454549852,0.5623964717224124
2,17.338,5.2124,74.899,18.762,0.6443897016653745,0.08894975208859293,0.6727032871287709
3,25.317,6.852,389.78,19.979,0.7579239167359547,0.10307881797701979,0.7907349235541795
4,1285.2,4.6781,59.092,18.579,3.437414569826829,0.07035063693817864,3.4598078730635775
