iteration,cp_tau_s,cp_b,cp_tau_0,cp_n,stress_error,geodesic_error,reduced_error
1,910.7981660366103,2.729338042036617,189.0184348029363,1.8858750353970875,0.7782366743107633,nan,nan
2,1376.6960118326238,0.03675473183078426,354.889243619851,16.950920501419127,0.6595699657485993,nan,nan
3,3933.3431422937438,5.9221984479764505,53.141372533191806,13.837226461354382,0.5950780034585201,nan,nan
4,221.96186181559912,2.2394726867186936,263.57226750129604,19.6023203840313,0.33354420717444627,nan,nan
5,2850.193196432927,9.99413472382887,437.427919673209,3.5994214607635953,0.4109703683485295,nan,nan
6,2031.1010864360935,6.967057211861443,444.6817027655617,7.441672985792682,0.4122604049166641,nan,nan
7,3420.8145709710757,4.699405100029534,140.02892975685526,10.097216612869309,5.2442153736219295,nan,nan
8,1638.612247807128,7.7973654080942545,72.244798321204,10.976120381372345,8.148624589786271,nan,nan
9,905.19,2.7489,190.08,1.8804,0.775705087316617,nan,nan
