iteration,cp_tau_s,cp_b,cp_tau_0,cp_n,stress_error,geodesic_error,reduced_error
1,11.588,0.018246,484.07,1.3689,0.5217072197427465,0.12365679634983531,0.5610684005147147
2,120.31,0.46316,132.85,14.791,0.4155375574871977,0.07691510541361388,0.44002039593721937
3,861.43,0.00026981,47.16,16.846,0.8340041869515412,0.09293162953062765,0.8635852433703095
