iteration,cp_tau_s,cp_b,cp_tau_0,cp_n,stress_error,geodesic_error,reduced_error
1,1653.2,0.00080398,183.47,5.6753,0.3696223067725939,0.07530213976879455,0.3935917223117948
2,1518.2,0.026626,121.93,6.4507,0.4623296044469679,0.07333892073799822,0.48567410795992216
3,1477.1,0.31984,85.306,8.0914,0.2833293025954601,0.07402762190037938,0.30689302649702654
