iteration,cp_tau_s,cp_b,cp_tau_0,cp_n,stress_error,geodesic_error,reduced_error
1,749.16,19.909,28.451,1.2533,1.089098080872143,0.12755378466013115,1.1296997115496212
2,1021.7,9.3585,9.3712,11.834,2.7476314325164184,0.07156044064875562,2.7704098282345857
3,158.37,0.16675,493.55,1.1011,0.43564884334922704,0.1328929847131967,0.4779499941879089
4,397.19,0.01013,21.163,2.8741,0.9536367103783372,0.0918759285372743,0.982881726734067
5,1595.9,0.066101,246.44,3.5784,0.25293393056346597,0.0807954686108668,0.27865192698115704
