iteration,cp_tau_s,cp_b,cp_tau_0,cp_n,stress_error,geodesic_error,reduced_error
1,41.361,8.8104,141.2,1.0006,0.6369310023420942,0.13658814669396374,0.6804083597703047
2,787.52,3.2376,63.843,11.632,1.5959692910973793,0.07154771080145093,1.6187436347792998
3,19.85,1.098,254.52,19.093,0.5674957488635217,0.10739435492345821,0.6016804337559893
4,1876.2,0.0076039,218.63,19.948,0.498673347124603,0.10445981735559959,0.5319239396978435
5,1980.9,0.13318,24.406,19.949,0.38861752833305446,0.07463019401670022,0.41237305689638454
6,1998.0,0.091398,60.379,19.987,0.3806635666223227,0.07429206340169406,0.4043114648680749
