iteration,cp_tau_s,cp_b,cp_tau_0,cp_n,stress_error,geodesic_error,reduced_error
1,1781.5,0.029134,398.5,10.464,0.807467041269705,0.11367275266978623,0.8436502022342228
2,1629.0,0.0097042,213.73,1.3103,0.4572021520231275,0.1479582348170157,0.5042987209076863
3,1981.2,0.023004,79.848,3.452,0.6398796926732462,0.1137771945778815,0.6760960985296427
4,1876.7,0.16212,83.928,5.7817,0.10090125236965765,0.10200305468473421,0.13336983309675438
5,1235.3,0.20863,103.1,5.0554,0.10210532282068402,0.10416203305770524,0.13526112770795443
6,1925.5,0.12099,128.05,7.9089,0.0180492156494321,0.18199771707628384,0.07598088825769375
7,1772.3,0.31108,113.33,4.1894,0.4842612995278764,0.10728705785647741,0.5184118307031654
