iteration,cp_tau_s,cp_b,cp_tau_0,cp_n,stress_error,geodesic_error,reduced_error
1,1830.0,0.056335,114.48,1.5806,0.4912636456920099,0.11668929849865384,0.5284070030159828
2,1803.0,0.21592,75.824,4.267,0.12081440579923013,0.07693011081894766,0.14530202061811576
3,1620.9,0.1269,158.15,4.0142,0.0678149592357438,0.07820159896397591,0.0927073013013574
4,1397.6,0.15982,132.7,4.0248,0.06235962357831634,0.0780243826077405,0.08719555592574676
