iteration,cp_tau_s,cp_b,cp_tau_0,cp_n,stress_error,geodesic_error,reduced_error
1,679.61,0.016386,184.33,14.066,0.4922113931631636,0.1052608630862651,0.5257169665117603
2,325.27,0.32153,79.639,6.5728,0.5035406460669685,0.0735874573728369,0.5269642612478708
