iteration,cp_tau_s,cp_b,cp_tau_0,cp_n,stress_error,geodesic_error,reduced_error
1,52.117,0.76807,475.54,19.952,0.9666161674508251,0.10425085035680615,0.9998002437624635
2,1976.2,0.010643,29.304,14.853,0.8661824768948279,0.07212187269156314,0.8891395819826412
3,1958.6,0.15377,401.04,11.693,1.3060797042580914,0.07113216389393187,1.3287217752511755
4,1997.3,0.095997,49.504,5.5126,0.4359126605502513,0.07481787250851216,0.4597279290329492
5,1812.5,0.021704,196.57,9.1695,0.26187687504886237,0.07475319554204861,0.28567155621372653
6,1807.8,0.034935,138.62,3.5512,0.38484343601435067,0.08129035682273716,0.41071896024243587
7,1908.2,0.12642,103.43,5.4548,0.12044172333865205,0.07480046693018491,0.1442514514536936
8,1985.7,0.15762,109.45,8.1021,0.08437272854444892,0.0738781002853482,0.1078888582377528
9,1928.1,0.11681,125.88,6.7617,0.044776414264872354,0.07383341330071087,0.0682783196491824
