iteration,cp_tau_s,cp_b,cp_tau_0,cp_n,stress_error,geodesic_error,reduced_error
1,1099.5,0.021587,2.3642,1.3259,0.9824352904977286,0.12287202615706276,1.021546671158955
2,195.44,0.20168,221.5,12.464,0.3187379937837242,0.08558642855855136,0.34598100011707383
3,1999.9,0.033902,223.71,11.088,0.20792816085955554,0.07529703389145552,0.23189595114752176
