iteration,cp_tau_s,cp_b,cp_tau_0,cp_n,stress_error,geodesic_error,reduced_error
1,72.475,0.073534,38.435,2.754,0.8904203151901421,0.09310158719314392,0.920055470813122
