iteration,cp_tau_s,cp_b,cp_tau_0,cp_n,stress_error,geodesic_error,reduced_error
1,679.61,0.016386,184.33,14.066,0.44558463786038377,0.10318195696932622,0.4784284748395108
2,325.27,0.32153,79.639,6.5728,0.5041301748953202,0.07363480579566256,0.5275688615473031
3,1929.9,0.043503,55.947,5.2038,0.629866770432809,0.07526362505517725,0.653823926357902
4,1790.1,0.33783,79.699,4.6683,0.47051914604783024,0.07583564409560713,0.4946583812885774
