iteration,cp_tau_s,cp_b,cp_tau_0,cp_n,stress_error,geodesic_error,reduced_error
1,11.588,0.018246,484.07,1.3689,0.550085717691161,0.12392009182870416,0.5895307080170407
2,120.31,0.46316,132.85,14.791,0.41857904719394956,0.0771684761058039,0.44314253604016457
3,861.43,0.00026981,47.16,16.846,0.8084465347842942,0.08885654462408829,0.8367304513902727
4,205.16,0.14714,166.12,7.183,0.3580107791990209,0.07449369890857625,0.38172286002001937
5,468.89,0.11146,115.77,6.7679,0.4640529605585122,0.07292301909767983,0.4872650784676731
6,414.87,1.0766,97.669,11.478,0.09168695767493241,0.0728692067022941,0.11488194656664277
7,414.69,0.74901,120.19,11.075,0.025252107156469313,0.07258080760332511,0.04835529576381134
8,452.57,0.66813,117.35,10.928,0.019399300580232134,0.07298943349681873,0.042632558849223866
9,448.8,0.63963,116.27,10.606,0.03547430619971802,0.07290829834749234,0.058681738348562155
