iteration,cp_tau_s,cp_b,cp_tau_0,cp_n,stress_error,geodesic_error,reduced_error
1,147.02,1.9881,230.91,18.842,0.35728092016004354,0.07246236538822655,0.3803464074393782
2,436.85,0.28826,210.74,11.271,0.1947724227798239,0.07148308448455488,0.21752619526616887
3,1269.3,0.031724,12.856,19.804,0.8926139450916749,0.07473813300095453,0.9164038317007978
4,1740.1,0.06619,228.42,13.102,0.2485802943383854,0.07139816920602013,0.27130703745208473
5,546.41,0.41944,125.4,19.971,0.05168532412352351,0.07300225174624425,0.07492266256803096
6,737.96,0.36617,108.38,19.993,0.04158006348690654,0.07356748759241494,0.06499732208927558
