iteration,cp_tau_s,cp_b,cp_tau_0,cp_n,stress_error,geodesic_error,reduced_error
1,679.61,0.016386,184.33,14.066,0.4691954683217498,0.10205082362460163,0.5016792543746589
2,325.27,0.32153,79.639,6.5728,0.5018000514227273,0.07341209931695634,0.5251678484008209
3,1929.9,0.043503,55.947,5.2038,0.6311700164789221,0.07523744415034593,0.655118838763178
4,1790.1,0.33783,79.699,4.6683,0.47297555463331464,0.0757194073471585,0.49707779056789275
5,820.06,0.32413,115.38,8.5332,0.02310442479356476,0.07299257770724578,0.04633868389581966
