iteration,cp_tau_s,cp_b,cp_tau_0,cp_n,stress_error,geodesic_error,reduced_error
1,41.361,8.8104,141.2,1.0006,0.6401536781043197,0.13648172737219305,0.6835971612103295
2,787.52,3.2376,63.843,11.632,1.6001308036608057,0.07144364341705431,1.6228720216654435
3,19.85,1.098,254.52,19.093,0.5416562294084949,0.10673498880306305,0.5756310315462261
4,1876.2,0.0076039,218.63,19.948,0.4888170638795191,0.10484518736792245,0.5221903235375207
5,1980.9,0.13318,24.406,19.949,0.38765348318154846,0.0744026043373506,0.41133656769994814
6,1998.0,0.091398,60.379,19.987,0.37863315601483744,0.0741156678807114,0.4022249058223823
7,1992.5,0.21185,98.03,19.013,0.283525183638977,0.07391056524903708,0.3070516472511776
