iteration,cp_tau_s,cp_b,cp_tau_0,cp_n,stress_error,geodesic_error,reduced_error
1,1781.5,0.029134,398.5,10.464,0.8287467515020174,0.11339361817829899,0.8648410611983199
2,1629.0,0.0097042,213.73,1.3103,0.4473597280471231,0.15132829169526535,0.4955290193530305
3,1981.2,0.023004,79.848,3.452,0.6365335343363774,0.11482763015141059,0.6730843042206273
4,1876.7,0.16212,83.928,5.7817,0.09401341986745075,0.10216176540233321,0.12653251978500257
5,1235.3,0.20863,103.1,5.0554,0.0955954106027784,0.10456383571875114,0.12887911324935467
6,1925.5,0.12099,128.05,7.9089,0.01352090331431205,0.19096281921415972,0.07430625656370703
7,1772.3,0.31108,113.33,4.1894,0.493605878188205,0.10799874628421548,0.5279829468259257
8,1423.8,0.21153,118.32,4.364,0.053799627162533024,0.10741762355154526,0.08799171868935868
9,1413.9,0.1901,131.97,4.59,0.03933626025300766,0.10614002597751591,0.07312167984145534
