iteration,cp_lh_0,cp_lh_1,cp_lh_2,cp_lh_3,cp_lh_4,cp_lh_5,cp_tau_0,cp_n,stress_error,geodesic_error,reduced_error
1,19.821,13.682,144.97,216.56,2.6962,68.794,32.167,18.749,0.5777832121127731,0.24779363972392898,0.6566583773703641
