iteration,cp_tau_s,cp_b,cp_tau_0,cp_n,stress_error,geodesic_error,reduced_error
1,72.722,0.00047002,2.8628,16.325,1.0147247595920357,0.07882520182533839,1.0398156006134736
2,237.58,0.40923,113.67,19.521,0.3642723530060597,0.07174776083975046,0.3871103745929025
