iteration,cp_tau_s,cp_b,cp_tau_0,cp_n,stress_error,geodesic_error,reduced_error
1,72.722,0.00047002,2.8628,16.325,1.014814990783756,0.08322147836266075,1.0413052100894213
2,237.58,0.40923,113.67,19.521,0.35564788064147923,0.07177103372946522,0.3784933102191983
3,452.96,0.34163,126.6,19.996,0.17268273669139925,0.07240062337583171,0.19572857087779574
4,685.83,0.016231,79.205,10.172,0.721508265943862,0.08745182359374568,0.7493450459585521
5,703.11,0.26947,146.32,19.896,0.05813980672647217,0.07261925836351836,0.081255234590915
