iteration,cp_tau_s,cp_b,cp_tau_0,cp_n,stress_error,geodesic_error,reduced_error
1,1885.1,0.00167,373.28,19.823,0.7115768169817411,0.10966283136693637,0.7464835803527429
2,1944.9,0.012327,113.36,18.465,0.5749044836187279,0.09449547034987378,0.6049833260306801
3,1996.0,0.16324,118.12,18.542,0.16779883734121387,0.07392940638192562,0.19133129827227982
