iteration,cp_tau_s,cp_b,cp_tau_0,cp_n,stress_error,geodesic_error,reduced_error
1,0.01498,0.0014994,8.5528,12.206,0.9547559820023309,0.08994924743109563,0.9833877167144406
