iteration,cp_tau_s,cp_b,cp_tau_0,cp_n,stress_error,geodesic_error,reduced_error
1,41.361,8.8104,141.2,1.0006,0.638161960979002,0.136580237311625,0.6816368007726205
2,787.52,3.2376,63.843,11.632,1.6072900924828422,0.07154877150822377,1.630064773798215
3,19.85,1.098,254.52,19.093,0.565816679615911,0.10769609166284702,0.6000974102955509
4,1876.2,0.0076039,218.63,19.948,0.48822787438764015,0.1040645658855873,0.521352654510447
5,1980.9,0.13318,24.406,19.949,0.38615976854158707,0.07462974944556226,0.4099151555935288
6,1998.0,0.091398,60.379,19.987,0.3772240856198172,0.07428970385084936,0.40087123279720854
7,1992.5,0.21185,98.03,19.013,0.28241026789411816,0.07400771031888824,0.30596765374244644
8,1996.8,0.092519,104.04,19.714,0.18305823139584015,0.0735511842452942,0.20647030048164278
9,1985.8,0.10454,121.97,19.927,0.0600468625692192,0.07336874000145852,0.08340085784853159
