iteration,cp_tau_s,cp_b,cp_tau_0,cp_n,stress_error,geodesic_error,reduced_error
1,94.639,0.59207,90.805,3.8802,0.6017754634611804,0.07933939026078013,0.6270299757449806
2,1984.3,2.04e-05,0.25989,19.699,1.0275087895352026,0.08464299643654041,1.0544514920971728
3,402.05,0.16805,52.957,4.2808,0.6948678516655544,0.07737723435653518,0.7194977903267996
4,569.89,0.14201,128.36,8.4325,0.35402858655738667,0.07235985277591109,0.37706144305876277
5,515.04,0.22612,47.21,19.387,0.5913151477662073,0.07416554804482758,0.6149227749231149
6,1322.2,0.13475,106.1,7.7218,0.2319898566596417,0.07364753523918292,0.25543259521934275
7,1989.6,3.0887,77.161,2.6933,4.131724456845475,0.09294136564965025,4.161308612367182
