iteration,cp_tau_s,cp_b,cp_tau_0,cp_n,stress_error,geodesic_error,reduced_error
1,596.83,7.4618,9.3893,1.414,0.647847111700315,0.12173931253126491,0.6865979384162348
2,1998.5,2.4867,0.28918,14.161,4.275817229975855,0.07245916049749193,4.2988816971067845
3,603.33,19.944,0.00010743,1.0018,0.47802754354162125,0.13596935510851638,0.5213079334906965
4,504.02,4.5277,0.00069702,1.0175,0.17090640551466438,0.13494063931816314,0.21385934505759685
5,8.5403,2.4309e-05,0.0059626,1.0375,1.0378810518901354,0.11663873347821296,1.0750083138682067
6,447.66,0.80189,57.588,5.4741,0.21049741727141155,0.07447065520709471,0.2342021630544142
7,646.19,0.73131,155.89,3.6568,0.3764948999895515,0.0796863554493672,0.40185985472304064
8,498.02,1.4785,51.928,7.3709,0.2646562398626333,0.07327213742259488,0.28797948558606257
