iteration,cp_tau_s,cp_b,cp_tau_0,cp_n,stress_error,geodesic_error,reduced_error
1,749.16,19.909,28.451,1.2533,1.0990526390518491,0.12760144910685542,1.139669441793939
2,1021.7,9.3585,9.3712,11.834,2.7688984775325776,0.0715639879763778,2.7916780024001966
3,158.37,0.16675,493.55,1.1011,0.43267502915065814,0.1329521184059038,0.47499500282833523
4,397.19,0.01013,21.163,2.8741,0.9517373939817841,0.0912091593963403,0.9807701711281525
5,1595.9,0.066101,246.44,3.5784,0.25677664278780465,0.08085213244466447,0.28251267586398254
6,1647.1,0.076196,73.758,5.7995,0.4667207311763628,0.07453743827152773,0.4904467346690041
7,1929.4,0.19793,64.346,3.722,0.12489495546638965,0.07902969234304243,0.15005088784124349
8,1930.7,0.1779,115.43,4.9239,0.1362275962769952,0.07552750676889816,0.16026874836034866
9,1938.3,0.16627,111.95,7.4458,0.11129861540335799,0.07392551964842711,0.1348298391487264
