iteration,cp_tau_s,cp_b,cp_tau_0,cp_n,stress_error,geodesic_error,reduced_error
1,1291.5361565240728,8.388097360726402,478.4522970028335,8.09794090356129,4.446521740734536,0.126739563979284,4.486864196919765
2,2832.691486678076,3.500309612674025,317.29188788008713,18.25387400770605,6.562213856697633,0.20279540807590804,6.626765639960871
3,490.65502021664594,9.837325872366948,229.22325493770995,10.937481201032096,1.3266551522808947,0.13313374318474497,1.369032938921253
4,1720.6479125700669,1.509859020538692,409.8514461195721,2.6635830868116965,2.432313499463189,0.10351285177633848,2.465262663530675
5,3892.258481779133,0.21939407969318425,62.498851841148266,8.420435059041889,0.5475000454194943,0.09326646383626536,0.5771876829079805
6,2395.691019424763,6.23090735874017,133.652722569887,14.649232811246582,6.150039570924557,0.21422980393031157,6.21823103543079
7,700.3124852788578,7.017233250183908,290.33803379192096,15.543339488140049,2.0943707837384418,0.1673512297236397,2.1476403346244908
8,3103.1654607436485,4.042685410614767,110.75207634563439,4.826534642582532,6.255232796774255,0.09816626694288322,6.286480090031931
9,1213.0,0.023344,391.41,2.1304,0.31018673716201645,0.10546387709255003,0.3437569318758473
