iteration,cp_tau_s,cp_b,cp_tau_0,cp_n,stress_error,geodesic_error,reduced_error
1,72.722,0.00047002,2.8628,16.325,1.0169907227423967,0.08804053273492006,1.0450148946968094
2,237.58,0.40923,113.67,19.521,0.36259265714395295,0.07168433590829675,0.3854104899480835
3,452.96,0.34163,126.6,19.996,0.1862327280523662,0.07232778186781767,0.2092553760666373
4,685.83,0.016231,79.205,10.172,0.724352389782725,0.08777611458443847,0.7522923948257529
5,703.11,0.26947,146.32,19.896,0.053196736128525345,0.07242166777524499,0.07624926895530387
6,614.13,0.40624,103.86,19.955,0.09940839947968345,0.07341051950108733,0.12277569358676751
7,684.38,0.39463,117.42,19.956,0.015717643699210446,0.0732521345513123,0.039034522310958386
