iteration,cp_tau_s,cp_b,cp_tau_0,cp_n,stress_error,geodesic_error,reduced_error
1,716.0891378670651,19.478052334286545,398.32595292681157,1.92722663110197,2.6916413588973325,0.13465331536497854,2.734502840385429
2,1660.9592782986704,5.092376138810538,175.9770206067113,8.155823139803699,5.056614358601232,0.2094241075047183,5.123276122425201
3,293.65875685852416,4.9525020484072515,100.22579889972116,13.093838780443221,0.41926477447596106,0.18781320107638044,0.4790475731343971
4,1810.4834923441383,10.499254440582908,459.7045604334631,15.843913733916029,7.022716903642252,0.25377055164067974,7.1034945790517945
5,1388.5271645413382,17.490107887682043,198.3292325433419,12.612370241450733,4.845013425939997,0.22013032645745845,4.915083085100271
6,941.0684933048342,1.8022087680378878,250.39696286392916,5.950407892460766,2.060996866674498,0.15364346540527674,2.109903100660535
7,1158.7509299233338,9.89491485344439,371.8683119520764,3.4735324269239087,4.423233828820015,0.11534599112826847,4.45994959812781
8,134.31595526268083,14.099925032561629,2.544721375801598,18.17407069395433,0.6227207802129255,0.23448007313822544,0.697358105605921
9,1717.5,0.058447,0.34748,13.139,0.8178550263215968,0.1282208153183142,0.8586689794519622
