iteration,cp_tau_s,cp_b,cp_tau_0,cp_n,stress_error,geodesic_error,reduced_error
1,714.9166481951041,4.506914930186479,60.22023033977669,2.8462571503507235,0.8507860898054487,0.10130520138929965,0.8830325369295027
2,1540.6931211147555,1.1768621645249069,283.53702692892875,12.965512791723512,2.0861864198046183,0.09326495640473743,2.1158735774627466
3,986.8795945056515,2.8641243163998586,167.96088627580625,11.138182898372817,1.846700897389875,0.0928665411738826,1.876261235541216
4,1149.1274278227436,8.879106138525115,475.25984809481935,16.818910402920185,4.048898562755606,0.21787582559605526,4.118250592003286
5,229.65624610146352,7.998156219605193,437.33064232443655,18.068216908603905,1.1726693384234808,0.1038161612246801,1.2057150488869468
6,312.82035447953797,5.491096927434411,91.0867494406622,3.953914204383663,0.1653306299851816,0.09571825347704566,0.19579869635517125
7,1922.5343660503706,6.764836536828223,193.38647540244244,9.659184933261967,5.173267704025017,0.19231613878162684,5.234483832271903
8,1280.7876536774834,1.80282940715356,374.6316512437254,7.702161173095957,2.481573687214297,0.09293483111320658,2.5111557627284515
