iteration,cp_tau_s,cp_b,cp_tau_0,cp_n,stress_error,geodesic_error,reduced_error
1,147.02,1.9881,230.91,18.842,0.37209209740230526,0.07249910475157882,0.395169279184207
2,436.85,0.28826,210.74,11.271,0.20371826411822394,0.07161551209982639,0.22651418962371356
3,1269.3,0.031724,12.856,19.804,0.8918482603956412,0.0746757783205825,0.9156182988935518
4,1740.1,0.06619,228.42,13.102,0.2586239471709303,0.07153638491588163,0.2813946857115044
5,546.41,0.41944,125.4,19.971,0.05166334093627359,0.0729935699214205,0.07489791587010952
6,737.96,0.36617,108.38,19.993,0.03987757706217033,0.0735357616271399,0.06328473697614359
7,699.95,0.35718,126.92,19.976,0.017928851524180067,0.07320062947908365,0.04122933556224902
