iteration,cp_tau_s,cp_b,cp_tau_0,cp_n,stress_error,geodesic_error,reduced_error
1,596.83,7.4618,9.3893,1.414,0.627277656742146,0.12201605808780318,0.6661165743046694
