iteration,cp_tau_s,cp_b,cp_tau_0,cp_n,stress_error,geodesic_error,reduced_error
1,828.6693419552151,0.28888383211696556,444.2840084996917,9.89388849939958,0.9603635089141639,0.29817055563432127,1.0552741445414824
2,1588.374475552998,6.79284723310439,95.34271084384585,15.854413914257913,3.942975116951789,0.2643525286755286,4.027121140266893
3,509.09570817588735,4.358234647871425,337.663729249553,14.975307214634991,1.5071809755267007,0.2635296372624061,1.5910650643697528
4,1433.4787016063535,1.8342210954172822,179.21756114588524,11.745353849362496,2.1798407139525624,0.2877000413333457,2.2714184813644516
5,1195.465137414086,5.384367822856731,51.61989291716775,19.36925719212854,2.526110297489521,0.3126298786316983,2.6256234785744295
6,51.93620824482356,8.889711772836907,189.41341927218477,7.439287751647997,0.3565992154275351,0.35136214518919917,0.4684412598720016
7,1827.2154730455584,8.168718970041162,270.14055509147073,3.5722984878825526,4.678978558700598,0.2883412234388837,4.770760420715524
8,468.1462107984918,3.139993664332243,391.98970181413415,3.0863197961611655,1.179468078880373,0.27846209632335955,1.2681053170675614
9,28.464,8.7837,460.03,1.7185,0.37901022425392383,0.16805373428970433,0.4325033892884406
