iteration,cp_tau_s,cp_b,cp_tau_0,cp_n,stress_error,geodesic_error,reduced_error
1,1099.5,0.021587,2.3642,1.3259,0.9822125395238331,0.12314947585130635,1.021412235165656
