iteration,cp_tau_s,cp_b,cp_tau_0,cp_n,stress_error,geodesic_error,reduced_error
1,647.0615969344877,10.134083714735183,53.84334136596404,17.99329194170756,1.2170689979289027,0.20612069443845632,1.2826792527157316
2,1737.6113184138821,5.088953181889164,644.4460474375325,14.411298030693736,5.854825396073974,0.21785161680028514,5.924169719422627
3,2691.297805991496,3.333769713460708,768.9923938943105,7.7242650222830544,7.278747577289863,0.24111332498420918,7.355496332322982
4,3440.8382219009086,17.257980616179744,196.0467853727043,16.30120789098948,9.73177492448425,0.1940285255574618,9.793536122370854
5,1280.5874431230845,0.17708386912655805,902.5596649941713,9.169816119229111,2.5918156341798677,0.1840577534991483,2.650403036747426
6,3968.2062094756307,14.36615528728539,354.6614269827056,4.38458843458032,10.970742884091337,0.23968115351790742,11.04703576478802
7,2104.547678202376,9.97063876587031,464.7674292126615,1.385134604013512,3.8825005868948734,0.14440013659880221,3.928464577940562
8,298.2235296561315,19.38389948688964,561.5741608912995,11.42897508645856,1.9830964029851719,0.20236187527744123,2.0475101884726725
9,148.38,8.0127,27.756,15.46,0.47622721005009666,0.203022155880363,0.5408511693811628
