iteration,cp_tau_s,cp_b,cp_tau_0,cp_n,stress_error,geodesic_error,reduced_error
1,1063.1209860065157,2.303025094410813,39.10561858754961,17.326850954258017,1.4064238471570585,0.1645697718651864,1.4588080325087585
2,709.8231566022764,4.950075457973241,403.0407799169341,18.596753919529732,2.3883325148993295,0.16694271262804466,2.441472030755176
3,3008.3243986320945,0.04891133961505631,265.0234648762724,11.725823067728957,0.24659484412749536,0.16041373041825768,0.29765612039924827
4,3856.132714467851,9.876659249233642,441.99546381574777,14.401113773477984,11.699923278770228,0.10901696868632872,11.734624457664875
5,2127.6698242192856,7.36173353198117,112.23605453326513,8.179394385876458,5.585977288898655,0.22197155383375874,5.656633028935518
6,399.4096449005349,5.593783385695824,240.75578640625716,2.7782377551521282,0.7289682351523483,0.16362992753522462,0.7810532587623475
7,1772.1004248951715,3.284824478508855,157.4451408287061,4.167263227939086,3.3706950395962374,0.220622849066064,3.4409214735719997
8,2757.0612773776907,7.662014587324668,346.15778534186603,7.7670042584359456,7.954799999090764,0.17494536437421865,8.010486838113104
