evals,errors
1000,0.6600929334391671
2000,0.6594037642240609
3000,0.6594037642240609
4000,0.6594037642240609
5000,0.6594037642240609
6000,0.6579728478943606
7000,0.6579728478943606
8000,0.6558213492463996
