iteration,cp_tau_s,cp_b,cp_tau_0,cp_n,stress_error,geodesic_error,reduced_error
1,2.8971,0.0051728,480.7,1.2673,0.49107132574127127,0.12728564430278005,0.5315876046921196
2,1142.3,0.00025257,432.58,11.508,0.8385627103632003,0.09870245163151867,0.8699806765080901
3,1.5585,0.11235,169.65,1.0032,0.658812234350194,0.13651175245293948,0.702265274736239
