iteration,cp_tau_s,cp_b,cp_tau_0,cp_n,stress_error,geodesic_error,reduced_error
1,0.01498,0.0014994,8.5528,12.206,0.9785447621290139,0.0930827706236503,1.0081739282519
2,5.9772,0.91041,437.23,2.544,0.7183820999407641,0.09435676557228682,0.7484167912507493
3,10.386,0.041729,287.26,4.7935,0.33719400196854604,0.076000400434969,0.36138568078092353
4,213.42,0.095771,103.28,18.683,0.6132517957497362,0.09479124776811991,0.643424787038026
5,1633.8,0.12065,163.04,14.976,0.10468802715736497,0.07276367987505895,0.12784942581670877
6,1997.6,0.025268,114.39,9.2898,0.4543243224835366,0.07252752531329665,0.47741055081120404
7,1912.5,0.080681,76.425,4.1887,0.40870887484470286,0.07764976338244792,0.4334255621891681
