iteration,cp_tau_s,cp_b,cp_tau_0,cp_n,stress_error,geodesic_error,reduced_error
1,52.117,0.76807,475.54,19.952,0.9781579518711584,0.1045464903159559,1.0114361333045452
2,1976.2,0.010643,29.304,14.853,0.8635319851014884,0.07224299293499992,0.8865276439602047
3,1958.6,0.15377,401.04,11.693,1.3076469615521367,0.07120061075093319,1.3303108198564826
4,1997.3,0.095997,49.504,5.5126,0.42950860672038205,0.07495688070315083,0.45336812288569395
5,1812.5,0.021704,196.57,9.1695,0.25675554922165406,0.0746919150640408,0.28053072420453823
6,1807.8,0.034935,138.62,3.5512,0.38736078196513457,0.08141523836270606,0.41327605722199373
