iteration,cp_tau_s,cp_b,cp_tau_0,cp_n,stress_error,geodesic_error,reduced_error
1,94.639,0.59207,90.805,3.8802,0.5898509928503195,0.0792421124371326,0.6150745406411463
2,1984.3,2.04e-05,0.25989,19.699,1.0321402201659895,0.09572264386471438,1.0626096840397783
