iteration,cp_tau_s,cp_b,cp_tau_0,cp_n,stress_error,geodesic_error,reduced_error
1,1349.7599722033656,3.254354196327249,134.79262111396787,6.3060261621623015,2.5136627073903823,0.17159971084495151,2.5682845918186104
2,3367.788153550698,5.282180813726973,212.0897192291276,11.063197831031419,8.222320245318858,0.1909694294105937,8.283107702659128
3,3789.6733679297067,7.962187581470833,349.57747679441246,2.7984582556024087,8.632585514598007,0.1193960229725982,8.670590449081212
4,2052.8524736512622,4.614345415612149,253.4662340065889,10.18205209350378,5.1190702456718755,0.18049702160798672,5.176524232076427
5,821.8656058020953,0.66273745889037,384.6792669397344,16.97254323546877,1.117163570046303,0.1825163579629947,1.1752603311761838
6,1739.6212700131457,1.7546577329378488,495.7302515108396,18.491924693446613,3.701206702987037,0.16012987812531043,3.752177626267729
7,494.7749949066294,9.506676160325913,65.99871058718762,4.608678821934081,0.694639130082233,0.17126609887280508,0.7491548225215774
8,2541.9363012357003,7.2460540934302955,21.008781201109716,13.408867314735238,6.364558906316729,0.18284725764924342,6.422760996088078
