iteration,cp_tau_s,cp_b,cp_tau_0,cp_n,stress_error,geodesic_error,reduced_error
1,906.41,0.013453,2.6023,17.086,1.0001461595575394,0.07487992213458183,1.0239811790496491
2,773.15,0.09596,272.48,8.6326,0.3794481643905327,0.07223264548433758,0.4024405295534063
3,1841.2,0.0055011,170.44,2.2559,0.4501167921260129,0.09999623069618739,0.4819465809377244
4,163.09,1.209,314.81,1.0932,0.23442268069597422,0.13310346979179283,0.2767908310160674
5,411.51,0.1197,202.38,7.2882,0.23545806102382613,0.0728372053475814,0.2586428635679602
6,317.13,0.67955,111.46,1.9519,0.3149834124624974,0.10574126235051977,0.34864190164622166
7,679.36,0.40798,93.727,4.4132,0.14231346403208925,0.07650007245733106,0.16666419338903404
8,900.17,0.32849,124.97,3.8274,0.029627388840556792,0.0789365987879836,0.054753688616495405
9,633.72,0.36518,136.36,3.8487,0.0722464729903522,0.07889755689745863,0.0973603453465614
